{
  "project_info": {
    "project_number": "639588918463",
    "project_id": "e-care-2b97d",
    "storage_bucket": "e-care-2b97d.appspot.com"
  },
  "client": [
    {
      "client_info": {
        "mobilesdk_app_id": "1:639588918463:android:5b9a6f7aa4c5e5b6b2920a",
        "android_client_info": {
          "package_name": "com.app.ecare"
        }
      },
      "oauth_client": [
        {
          "client_id": "639588918463-kbdcuo76k1bqsndfa1a3o3ee5suja3c2.apps.googleusercontent.com",
          "client_type": 3
        }
      ],
      "api_key": [
        {
          "current_key": "AIzaSyCu-o0jN5YJUhYjNxGCr6qgRpirmdlP7FA"
        }
      ],
      "services": {
        "appinvite_service": {
          "other_platform_oauth_client": [
            {
              "client_id": "639588918463-kbdcuo76k1bqsndfa1a3o3ee5suja3c2.apps.googleusercontent.com",
              "client_type": 3
            }
          ]
        }
      }
    }
  ],
  "configuration_version": "1"
}